{
  "persons" : [ {
    "uuid" : "6296ac5e-9fce-4ccf-9cc7-62ce6d4900d9",
    "name" : "Irfan Ibrahim",
    "phone" : "92492021",
    "email" : "irfan@example.com",
    "company" : "SMU",
    "address" : "Blk 47 Tampines Street 20, #17-35",
    "tagged" : [ "classmates" ],
    "roles" : [ "contractor" ]
  }, {
    "uuid" : "c6e4fbce-a919-4a95-bd7b-6a05951a4ff0",
    "name" : "Roy Balakrishnan",
    "phone" : "92624417",
    "email" : "royb@example.com",
    "company" : "McDonald's",
    "address" : "Blk 45 Aljunied Street 85, #11-31",
    "tagged" : [ "colleagues" ],
    "roles" : [ "secretary" ]
  }, {
    "uuid" : "0d7438f8-759d-4ef5-9918-95f9339bf2da",
    "name" : "Alex Yeoh",
    "phone" : "87438807",
    "email" : "alexyeoh@example.com",
    "company" : "KFC",
    "address" : "Blk 30 Geylang Street 29, #06-40",
    "tagged" : [ "friends" ],
    "roles" : [ "Boss", "CEO" ]
  }, {
    "uuid" : "f5bc28d3-f817-431f-ab7c-451a5bd14c44",
    "name" : "Bernice",
    "phone" : "99272758",
    "email" : "berniceyu@example.com",
    "company" : "KFC",
    "address" : "Blk 30 Lorong 3 Serangoon Gardens, #07-18",
    "tagged" : [ "colleagues", "friends" ],
    "roles" : [ "CTO" ]
  }, {
    "uuid" : "b165a78e-307e-4cd3-8a1f-a257b2f28d58",
    "name" : "Charlotte Oliveiro",
    "phone" : "93210283",
    "email" : "charlotte@example.com",
    "company" : "NUS",
    "address" : "Blk 11 Ang Mo Kio Street 74, #11-04",
    "tagged" : [ "neighbours" ],
    "roles" : [ "worker" ]
  }, {
    "uuid" : "b23aa748-4ecc-4eab-89aa-7c88f9e770b8",
    "name" : "John Doe",
    "phone" : "87654321",
    "email" : "abc@email.com",
    "company" : "Home1",
    "address" : "Not Home",
    "tagged" : [ "1", "2", "3" ],
    "roles" : [ "son", "director" ]
  }, {
    "uuid" : "aa52bcb9-2caa-427d-9663-0e8966343948",
    "name" : "John Doe",
    "phone" : "98765432",
    "email" : "johnd@example.com",
    "company" : "ABC Holdings Pte. Ltd",
    "address" : "John street, block 123, #01-01",
    "tagged" : [ ],
    "roles" : [ ]
  }, {
    "uuid" : "795e8f90-0534-4d6b-843b-3420e3785a3d",
    "name" : "David Li",
    "phone" : "91031282",
    "email" : "lidavid@example.com",
    "company" : "NTU",
    "address" : "Blk 436 Serangoon Gardens Street 26, #16-43",
    "tagged" : [ "family" ],
    "roles" : [ "cleaner" ]
  } ],
  "meetings" : [ {
    "title" : "Exam",
    "duration" : "0 20",
    "dateTime" : "10/10/20 1000",
    "location" : "clementi",
    "recurrence" : "monthly",
    "participants" : [ "f5bc28d3-f817-431f-ab7c-451a5bd14c44" ]
  }, {
    "title" : "Exam",
    "duration" : "0 20",
    "dateTime" : "12/12/20 1430",
    "location" : "zoom",
    "recurrence" : "monthly",
    "participants" : [ "f5bc28d3-f817-431f-ab7c-451a5bd14c44" ]
  }, {
    "title" : "abc company meeting",
    "duration" : "0 50",
    "dateTime" : "31/12/20 1400",
    "location" : "John street, block 123, #01-01",
    "recurrence" : "",
    "participants" : [ ]
  }, {
    "title" : "Exam",
    "duration" : "0 20",
    "dateTime" : "12/1/21 1430",
    "location" : "zoom",
    "recurrence" : "monthly",
    "participants" : [ ]
  }, {
    "title" : "Exam",
    "duration" : "0 20",
    "dateTime" : "12/2/21 1430",
    "location" : "zoom",
    "recurrence" : "monthly",
    "participants" : [ ]
  }, {
    "title" : "Exam",
    "duration" : "0 20",
    "dateTime" : "12/3/21 1430",
    "location" : "zoom",
    "recurrence" : "monthly",
    "participants" : [ ]
  } ]
}